"Category","Complaint"
"General Banking Services","I was charged a monthly maintenance fee, and I was never informed about it."
"General Banking Services","The ATM near my house is always out of service."
"General Banking Services","Your mobile app keeps crashing whenever I try to transfer money."
"Credit Cards","I applied for a credit card, and it's been three weeks with no update."
"Credit Cards","I can't seem to understand the fee structure on my credit card statement."
"Credit Cards","Unauthorized transactions have been made with my credit card."
"Loans and Mortgages","I've been trying to refinance my mortgage, but the process is too complicated."
"Loans and Mortgages","The interest rate on my personal loan suddenly increased, why?"
"Loans and Mortgages","I'm facing issues with the early payment of my car loan."
"Investment Services","I can't get a timely response from my investment advisor."
"Investment Services","Why was I charged a fee for portfolio management?"
"Investment Services","I have questions about the risk involved in some of the mutual funds you offer."
"Online and Mobile Banking","I'm locked out of my online banking account and can't reset my password."
"Online and Mobile Banking","The one-time password (OTP) for transactions takes too long to arrive."
"Online and Mobile Banking","Why can't I deposit checks using the mobile app?"
"Business Banking","Your bank refused my business loan application without providing a reason."
"Business Banking","The fees on our business account are too high."
"Business Banking","I'm having issues setting up direct deposit for my employees."
"Customer Service","I've been on hold for customer service for over 30 minutes."
"Customer Service","Your teller was extremely rude to me."
"Customer Service","I've sent multiple emails to customer support with no reply."
"International Banking","I was charged a huge fee for international transfers."
"International Banking","Why do foreign transactions take so long to process?"
"International Banking","Your exchange rates are not competitive."
"Fraud and Security","I think my account has been compromised, and I need immediate assistance."
"Fraud and Security","Why wasn't I alerted about suspicious activity in my account?"
"Fraud and Security","Your bank's website does not seem secure."
"Savings and Deposit Accounts","The interest rates on my savings account were reduced without notice."
"Savings and Deposit Accounts","I can't close my fixed deposit account online."
"Savings and Deposit Accounts","Why can't I withdraw from my own savings account without a limit?"
"Retirement Accounts","I have issues understanding how to rollover my 401(k)."
"Retirement Accounts","Why was I charged a penalty for withdrawing from my IRA?"
"Retirement Accounts","I can't seem to find good retirement planning advice."
"Insurance Services","The terms of my life insurance policy are unclear."
"Insurance Services","I've submitted a claim, and no one has gotten back to me."
"Insurance Services","Your home insurance coverage options are not adequate."
"Additional Services","My tax documents from the bank arrived late."
"Additional Services","Why was my safe deposit box access restricted?"
"Additional Services","Your notary services are never available when I visit the branch."
"Additional Services","The bill payment service through the online portal doesn't work properly."
"General Banking Services","The branch near me has inconvenient working hours."
"General Banking Services","I have been wrongly charged for overdraft."
"General Banking Services","Why is the account opening process so complicated?"
"Credit Cards","I was charged for a late fee even after paying on time."
"Credit Cards","The reward points on my credit card were not updated."
"Credit Cards","My credit card was blocked without any notification."
"Loans and Mortgages","I am unable to find the loan account number in my dashboard."
"Loans and Mortgages","My mortgage payment was not processed."
"Loans and Mortgages","I can't understand the loan disbursement schedule."
"Investment Services","The tax documents related to my investments arrived late."
"Investment Services","Why did the fund transfer to my investment account fail?"
"Investment Services","There is an error in my stock transaction history."
"Online and Mobile Banking","I can't see my recent transactions in the mobile app."
"Online and Mobile Banking","The online banking interface is not user-friendly."
"Online and Mobile Banking","My scheduled bill payments are not going through."
"Business Banking","The wire transfer fees for my business account are exorbitant."
"Business Banking","There is no option to integrate accounting software with my business account."
"Business Banking","The credit limit for my business account is too low."
"Customer Service","Your chat support couldn't resolve my issue."
"Customer Service","I was promised a callback, but nobody contacted me."
"Customer Service","I have been getting conflicting information from different customer service agents."
"International Banking","I was not informed about the charges for currency conversion."
"International Banking","The online platform doesn't support multi-currency accounts."
"International Banking","My international wire transfer got delayed."
"Fraud and Security","I received a phishing email pretending to be from your bank."
"Fraud and Security","Two-factor authentication is not working for my account."
"Fraud and Security","My account was locked without any suspicious activities."
"Savings and Deposit Accounts","I was not informed when my CD account matured."
"Savings and Deposit Accounts","The bank charges for transferring money from my savings to checking account."
"Savings and Deposit Accounts","Why was I charged a low balance fee?"
"Retirement Accounts","I can't update my beneficiaries for the retirement account online."
"Retirement Accounts","I have been getting incorrect statements for my retirement account."
"Retirement Accounts","The fees for managing the retirement account are not transparent."
"Insurance Services","The renewal process for my insurance policy is cumbersome."
"Insurance Services","I was sold an insurance policy with features I didn't need."
"Insurance Services","My health insurance claim was unfairly denied."
"Additional Services","Your bank's website is slow and often unresponsive."
"Additional Services","The process to obtain a cashier's check is too complicated."
"Additional Services","I had to wait a long time to get service at your branch."
"General Banking Services","The bank suddenly closed my account without notice."
"General Banking Services","I received someone else's account statement by mail."
"General Banking Services","I can't update my contact information in the bank's records."
"Credit Cards","Why am I being charged an annual fee for a 'no annual fee' credit card?"
"Credit Cards","I am having issues setting up automatic payments for my credit card."
"Credit Cards","My request for a credit limit increase was unfairly denied."
"Loans and Mortgages","My loan payment was applied to the wrong account."
"Loans and Mortgages","I didn't receive a statement for my home loan this month."
"Loans and Mortgages","Why do I have to pay a pre-closure fee for my loan?"
"Investment Services","I am unable to withdraw my investment."
"Investment Services","The promised returns on my investments are not accurate."
"Investment Services","Your investment advice led to a significant loss."
"Online and Mobile Banking","My e-statements have not been delivered for months."
"Online and Mobile Banking","There is a discrepancy in my account balance as shown in the mobile app."
"Online and Mobile Banking","Your mobile app logged me out while I was in the middle of a transaction."
"Business Banking","The information on how to apply for a business credit card is unclear."
"Business Banking","I was not able to access the business account during a critical time."
"Business Banking","Your bank made an unauthorized transaction from my business account."
"Customer Service","The queue for customer service at the branch was too long."
"Customer Service","Your customer service agent gave me wrong information about loan rates."
"Customer Service","I have been transferred to multiple departments but my issue is still not resolved."
"International Banking","My forex card was not accepted during my travel."
"International Banking","Your bank charged me twice for the same international transaction."
"International Banking","Why is there a limit on how much foreign currency I can buy?"
"Fraud and Security","My debit card was used fraudulently and I can't get through to the helpline."
"Fraud and Security","Why wasn't I informed about the change in security protocols?"
"Fraud and Security","Your security questions for account recovery are too easy to guess."
"Savings and Deposit Accounts","My direct deposit was not set up correctly."
"Savings and Deposit Accounts","I can't set up multiple savings goals in my account."
"Savings and Deposit Accounts","I was not able to withdraw funds due to a system glitch."
"Retirement Accounts","The tax benefits of the retirement accounts are not clearly explained."
"Retirement Accounts","I can't change my retirement account type."
"Retirement Accounts","Why am I not able to borrow against my 401(k)?"
"Insurance Services","I did not receive the policy documents for my insurance."
"Insurance Services","The deductible for my insurance policy is too high."
"Insurance Services","I have not received a response to my query about insurance coverage."
"Additional Services","The bank did not honor my stop payment request."
"Additional Services","Why do I have to pay for getting a paper statement?"
"Additional Services","The information about notary services on your website is outdated."